{"cameraMode":{"drawMode":0,"name":"Shaded","section":"Shading Mode"},"sceneLighting":true,"audioPlay":false,"sceneViewState":{"showFog":true,"showMaterialUpdate":false,"showSkybox":true,"showFlares":true,"showImageEffects":true,"showParticleSystems":true},"in2DMode":false,"pivot":{"x":9.80263614654541,"y":10.708562850952149,"z":3.21540904045105},"rotation":{"x":0.26883310079574587,"y":-0.37989160418510439,"z":0.11639530211687088,"w":0.877418577671051},"size":1.7033615112304688,"orthographic":false}