{"cameraMode":{"drawMode":0,"name":"Shaded","section":"Shading Mode"},"sceneLighting":false,"audioPlay":false,"sceneViewState":{"showFog":true,"showMaterialUpdate":false,"showSkybox":true,"showFlares":true,"showImageEffects":true,"showParticleSystems":true},"in2DMode":false,"pivot":{"x":-0.1150209903717041,"y":-0.14521336555480958,"z":-0.15901684761047364},"rotation":{"x":0.25426527857780459,"y":0.437409907579422,"z":-0.13043878972530366,"w":0.8526473641395569},"size":9.877267837524414,"orthographic":false}