{"cameraMode":{"drawMode":0,"name":"Shaded","section":"Shading Mode"},"sceneLighting":true,"audioPlay":false,"sceneViewState":{"showFog":true,"showMaterialUpdate":false,"showSkybox":true,"showFlares":true,"showImageEffects":true,"showParticleSystems":true},"in2DMode":false,"pivot":{"x":-6.94352912902832,"y":-28.354997634887697,"z":24.27176284790039},"rotation":{"x":0.3420836925506592,"y":0.05717853829264641,"z":-0.020859522745013238,"w":0.9376962780952454},"size":78.64612579345703,"orthographic":false}